Á¾¸ñÄÚµå,Á¾¸ñ¸í,³¯Â¥,½Ã°£,½Ã°¡,°í°¡,Àú°¡,Á¾°¡,ÀüÀÏ´ëºñ,°Å·¡·®,°Å·¡´ë±Ý,´©ÀûÃ¼°á¸Åµµ¼ö·®,´©ÀûÃ¼°á¸Å¼ö¼ö·®,»óÀåÁÖ½Ä¼ö,½Ã°¡ÃÑ¾×,¿Ü±¹ÀÎÁÖ¹®ÇÑµµ¼ö·®,¿Ü±¹ÀÎÁÖ¹®°¡´É¼ö·®,¿Ü±¹ÀÎÇöº¸À¯¼ö·®,¿Ü±¹ÀÎÇöº¸À¯ºñÀ²,¼öÁ¤ÁÖ°¡ÀÏÀÚ,¼öÁ¤ÁÖ°¡ºñÀ²,±â°ü¼ø¸Å¼ö·®,±â°ü´©Àû¼ø¸Å¼ö·®,µî¶ôÁÖ¼±,µî¶ôºñÀ²,¿¹Å¹±Ý,ÁÖ½ÄÈ¸ÀüÀ²
A338220,ºä³ë,20230622,1023,31850,32000,31800,32000,0,1447,46155000,180711,88199,0,0,0,0,0,0.0,0,0.0,0,0,0,0.0,0,0.0
A338220,ºä³ë,20230622,1022,31850,31850,31750,31750,0,936,29763000,180667,86796,0,0,0,0,0,0.0,0,0.0,0,0,0,0.0,0,0.0
A338220,ºä³ë,20230622,1021,31850,31850,31800,31800,0,1744,55463000,179743,86784,0,0,0,0,0,0.0,0,0.0,0,0,0,0.0,0,0.0
A338220,ºä³ë,20230622,1020,31950,31950,31850,31850,0,2719,86632000,178078,86705,0,0,0,0,0,0.0,0,0.0,0,0,0,0.0,0,0.0
A338220,ºä³ë,20230622,1019,32000,32000,31900,31900,0,1303,41611000,175569,86495,0,0,0,0,0,0.0,0,0.0,0,0,0,0.0,0,0.0
A338220,ºä³ë,20230622,1018,31950,32000,31950,32000,0,761,24341000,174470,86291,0,0,0,0,0,0.0,0,0.0,0,0,0,0.0,0,0.0
A338220,ºä³ë,20230622,1017,31950,32000,31950,31950,0,1039,33211000,174255,85745,0,0,0,0,0,0.0,0,0.0,0,0,0,0.0,0,0.0
A338220,ºä³ë,20230622,1016,31950,32000,31950,32000,0,2182,69816000,173514,85447,0,0,0,0,0,0.0,0,0.0,0,0,0,0.0,0,0.0
A338220,ºä³ë,20230622,1015,31900,32000,31900,32000,0,3430,109603000,172469,84310,0,0,0,0,0,0.0,0,0.0,0,0,0,0.0,0,0.0
A338220,ºä³ë,20230622,1014,31850,31900,31850,31850,0,1306,41629000,172425,80924,0,0,0,0,0,0.0,0,0.0,0,0,0,0.0,0,0.0
A338220,ºä³ë,20230622,1013,31900,31900,31850,31900,0,609,19427000,171786,80257,0,0,0,0,0,0.0,0,0.0,0,0,0,0.0,0,0.0
A338220,ºä³ë,20230622,1012,31850,31900,31800,31900,0,482,15357000,171784,79650,0,0,0,0,0,0.0,0,0.0,0,0,0,0.0,0,0.0
A338220,ºä³ë,20230622,1011,31850,31900,31800,31850,0,941,29943000,171783,79169,0,0,0,0,0,0.0,0,0.0,0,0,0,0.0,0,0.0
A338220,ºä³ë,20230622,1010,31750,31900,31750,31850,0,2247,71521000,171018,78993,0,0,0,0,0,0.0,0,0.0,0,0,0,0.0,0,0.0
A338220,ºä³ë,20230622,1009,31800,31800,31700,31750,0,1887,59876000,170749,77015,0,0,0,0,0,0.0,0,0.0,0,0,0,0.0,0,0.0
A338220,ºä³ë,20230622,1008,31700,31800,31700,31800,0,584,18545000,169637,76240,0,0,0,0,0,0.0,0,0.0,0,0,0,0.0,0,0.0
A338220,ºä³ë,20230622,1007,31650,31800,31600,31700,0,596,18877000,169454,75839,0,0,0,0,0,0.0,0,0.0,0,0,0,0.0,0,0.0
A338220,ºä³ë,20230622,1006,31700,31700,31650,31650,0,628,19879000,169207,75490,0,0,0,0,0,0.0,0,0.0,0,0,0,0.0,0,0.0
A338220,ºä³ë,20230622,1005,31700,31700,31700,31700,0,978,31003000,168738,75331,0,0,0,0,0,0.0,0,0.0,0,0,0,0.0,0,0.0
A338220,ºä³ë,20230622,1004,31650,31700,31650,31700,0,1083,34281000,168738,74353,0,0,0,0,0,0.0,0,0.0,0,0,0,0.0,0,0.0
A338220,ºä³ë,20230622,1003,31700,31700,31650,31700,0,925,29314000,167883,74125,0,0,0,0,0,0.0,0,0.0,0,0,0,0.0,0,0.0
A338220,ºä³ë,20230622,1002,31750,31850,31650,31650,0,3205,101712000,167556,73527,0,0,0,0,0,0.0,0,0.0,0,0,0,0.0,0,0.0
A338220,ºä³ë,20230622,1001,31650,31750,31600,31750,0,4475,141839000,165508,72370,0,0,0,0,0,0.0,0,0.0,0,0,0,0.0,0,0.0
A338220,ºä³ë,20230622,1000,31550,31700,31550,31650,0,3011,95276000,165313,68090,0,0,0,0,0,0.0,0,0.0,0,0,0,0.0,0,0.0
A338220,ºä³ë,20230622,959,31400,31600,31400,31600,0,2874,90680000,164319,66073,0,0,0,0,0,0.0,0,0.0,0,0,0,0.0,0,0.0
A338220,ºä³ë,20230622,958,31450,31500,31400,31400,0,691,21742000,164042,63476,0,0,0,0,0,0.0,0,0.0,0,0,0,0.0,0,0.0
A338220,ºä³ë,20230622,957,31300,31450,31300,31450,0,1642,51543000,163613,63214,0,0,0,0,0,0.0,0,0.0,0,0,0,0.0,0,0.0
A338220,ºä³ë,20230622,956,31300,31300,31250,31300,0,533,16671000,163256,61929,0,0,0,0,0,0.0,0,0.0,0,0,0,0.0,0,0.0
A338220,ºä³ë,20230622,955,31300,31350,31200,31300,0,2768,86528000,162733,61919,0,0,0,0,0,0.0,0,0.0,0,0,0,0.0,0,0.0
A338220,ºä³ë,20230622,954,31300,31300,31250,31300,0,3656,114261000,161258,60626,0,0,0,0,0,0.0,0,0.0,0,0,0,0.0,0,0.0
A338220,ºä³ë,20230622,953,31400,31400,31250,31300,0,3663,114652000,157813,60415,0,0,0,0,0,0.0,0,0.0,0,0,0,0.0,0,0.0
A338220,ºä³ë,20230622,952,31450,31450,31300,31300,0,1898,59575000,154481,60084,0,0,0,0,0,0.0,0,0.0,0,0,0,0.0,0,0.0
A338220,ºä³ë,20230622,951,31350,31500,31350,31450,0,1297,40799000,152737,59930,0,0,0,0,0,0.0,0,0.0,0,0,0,0.0,0,0.0
A338220,ºä³ë,20230622,950,31400,31450,31350,31350,0,1571,49318000,152145,59225,0,0,0,0,0,0.0,0,0.0,0,0,0,0.0,0,0.0
A338220,ºä³ë,20230622,949,31400,31450,31400,31400,0,900,28276000,150905,58894,0,0,0,0,0,0.0,0,0.0,0,0,0,0.0,0,0.0
A338220,ºä³ë,20230622,948,31450,31450,31400,31400,0,1393,43779000,150307,58592,0,0,0,0,0,0.0,0,0.0,0,0,0,0.0,0,0.0
A338220,ºä³ë,20230622,947,31350,31450,31300,31450,0,1668,52409000,149586,57920,0,0,0,0,0,0.0,0,0.0,0,0,0,0.0,0,0.0
A338220,ºä³ë,20230622,946,31300,31350,31300,31350,0,714,22369000,149328,56510,0,0,0,0,0,0.0,0,0.0,0,0,0,0.0,0,0.0
A338220,ºä³ë,20230622,945,31250,31350,31200,31300,0,1938,60649000,149045,56079,0,0,0,0,0,0.0,0,0.0,0,0,0,0.0,0,0.0
A338220,ºä³ë,20230622,944,31050,31250,31050,31250,0,1888,58762000,148398,54788,0,0,0,0,0,0.0,0,0.0,0,0,0,0.0,0,0.0
A338220,ºä³ë,20230622,943,31050,31150,31000,31100,0,2220,68993000,147997,53301,0,0,0,0,0,0.0,0,0.0,0,0,0,0.0,0,0.0
A338220,ºä³ë,20230622,942,30950,31050,30950,31000,0,2479,76848000,146791,52287,0,0,0,0,0,0.0,0,0.0,0,0,0,0.0,0,0.0
A338220,ºä³ë,20230622,941,31100,31100,30950,30950,0,15554,482418000,144898,51701,0,0,0,0,0,0.0,0,0.0,0,0,0,0.0,0,0.0
A338220,ºä³ë,20230622,940,31200,31200,31050,31100,0,3715,115580000,130643,50402,0,0,0,0,0,0.0,0,0.0,0,0,0,0.0,0,0.0
A338220,ºä³ë,20230622,939,31300,31300,31150,31200,0,2017,62949000,127649,49681,0,0,0,0,0,0.0,0,0.0,0,0,0,0.0,0,0.0
A338220,ºä³ë,20230622,938,31200,31300,31150,31250,0,4048,126366000,126150,49163,0,0,0,0,0,0.0,0,0.0,0,0,0,0.0,0,0.0
A338220,ºä³ë,20230622,937,31100,31200,31050,31150,0,2331,72516000,125191,46074,0,0,0,0,0,0.0,0,0.0,0,0,0,0.0,0,0.0
A338220,ºä³ë,20230622,936,31200,31200,31050,31050,0,8947,278218000,124086,44848,0,0,0,0,0,0.0,0,0.0,0,0,0,0.0,0,0.0
A338220,ºä³ë,20230622,935,31150,31200,31100,31200,0,3936,122654000,115909,44078,0,0,0,0,0,0.0,0,0.0,0,0,0,0.0,0,0.0
A338220,ºä³ë,20230622,934,31200,31250,31100,31150,0,4625,144145000,113943,42108,0,0,0,0,0,0.0,0,0.0,0,0,0,0.0,0,0.0
A338220,ºä³ë,20230622,933,31200,31250,31200,31200,0,5474,170801000,109858,41568,0,0,0,0,0,0.0,0,0.0,0,0,0,0.0,0,0.0
A338220,ºä³ë,20230622,932,31550,31550,31200,31200,0,7348,229901000,104688,41264,0,0,0,0,0,0.0,0,0.0,0,0,0,0.0,0,0.0
A338220,ºä³ë,20230622,931,31300,31550,31300,31500,0,2179,68520000,98079,40525,0,0,0,0,0,0.0,0,0.0,0,0,0,0.0,0,0.0
A338220,ºä³ë,20230622,930,31400,31400,31300,31300,0,6245,195614000,97605,38820,0,0,0,0,0,0.0,0,0.0,0,0,0,0.0,0,0.0
A338220,ºä³ë,20230622,929,31500,31550,31300,31350,0,11739,368951000,92755,37425,0,0,0,0,0,0.0,0,0.0,0,0,0,0.0,0,0.0
A338220,ºä³ë,20230622,928,31650,31650,31500,31500,0,8994,283851000,81995,36446,0,0,0,0,0,0.0,0,0.0,0,0,0,0.0,0,0.0
A338220,ºä³ë,20230622,927,31800,31800,31600,31600,0,3592,113880000,73611,35836,0,0,0,0,0,0.0,0,0.0,0,0,0,0.0,0,0.0
A338220,ºä³ë,20230622,926,31850,31850,31750,31800,0,931,29569000,70338,35517,0,0,0,0,0,0.0,0,0.0,0,0,0,0.0,0,0.0
A338220,ºä³ë,20230622,925,32050,32050,31750,31750,0,8582,274183000,69477,35447,0,0,0,0,0,0.0,0,0.0,0,0,0,0.0,0,0.0
A338220,ºä³ë,20230622,924,32050,32100,32000,32050,0,1682,53920000,61250,35092,0,0,0,0,0,0.0,0,0.0,0,0,0,0.0,0,0.0
A338220,ºä³ë,20230622,923,32100,32100,32050,32100,0,284,9109000,60121,34539,0,0,0,0,0,0.0,0,0.0,0,0,0,0.0,0,0.0
A338220,ºä³ë,20230622,922,32050,32100,32000,32100,0,1536,49208000,59990,34386,0,0,0,0,0,0.0,0,0.0,0,0,0,0.0,0,0.0
A338220,ºä³ë,20230622,921,32050,32050,32000,32050,0,2174,69621000,58907,33933,0,0,0,0,0,0.0,0,0.0,0,0,0,0.0,0,0.0
A338220,ºä³ë,20230622,920,32000,32050,32000,32000,0,2752,88097000,57982,32684,0,0,0,0,0,0.0,0,0.0,0,0,0,0.0,0,0.0
A338220,ºä³ë,20230622,919,31900,32000,31900,32000,0,1831,58516000,56016,31898,0,0,0,0,0,0.0,0,0.0,0,0,0,0.0,0,0.0
A338220,ºä³ë,20230622,918,31600,31850,31600,31850,0,3037,96316000,55518,30565,0,0,0,0,0,0.0,0,0.0,0,0,0,0.0,0,0.0
A338220,ºä³ë,20230622,917,31600,31650,31600,31600,0,2758,87154000,54947,28099,0,0,0,0,0,0.0,0,0.0,0,0,0,0.0,0,0.0
A338220,ºä³ë,20230622,916,31650,31650,31550,31650,0,3314,104705000,52248,28040,0,0,0,0,0,0.0,0,0.0,0,0,0,0.0,0,0.0
A338220,ºä³ë,20230622,915,31700,31700,31650,31650,0,2013,63729000,49265,27709,0,0,0,0,0,0.0,0,0.0,0,0,0,0.0,0,0.0
A338220,ºä³ë,20230622,914,31600,31700,31550,31700,0,2772,87653000,47459,27502,0,0,0,0,0,0.0,0,0.0,0,0,0,0.0,0,0.0
A338220,ºä³ë,20230622,913,31850,31850,31550,31600,0,6560,207734000,45491,26698,0,0,0,0,0,0.0,0,0.0,0,0,0,0.0,0,0.0
A338220,ºä³ë,20230622,912,31750,31850,31700,31800,0,3738,118714000,40095,25534,0,0,0,0,0,0.0,0,0.0,0,0,0,0.0,0,0.0
A338220,ºä³ë,20230622,911,32000,32000,31750,31750,0,2119,67430000,36963,24928,0,0,0,0,0,0.0,0,0.0,0,0,0,0.0,0,0.0
A338220,ºä³ë,20230622,910,32050,32150,31850,32000,0,2416,77316000,34966,24806,0,0,0,0,0,0.0,0,0.0,0,0,0,0.0,0,0.0
A338220,ºä³ë,20230622,909,32200,32200,32000,32200,0,3198,102610000,32854,24502,0,0,0,0,0,0.0,0,0.0,0,0,0,0.0,0,0.0
A338220,ºä³ë,20230622,908,32250,32300,32100,32200,0,4757,153306000,30979,23179,0,0,0,0,0,0.0,0,0.0,0,0,0,0.0,0,0.0
A338220,ºä³ë,20230622,907,32200,32450,32200,32250,0,7719,249566000,27883,21518,0,0,0,0,0,0.0,0,0.0,0,0,0,0.0,0,0.0
A338220,ºä³ë,20230622,906,31850,32200,31800,32200,0,2971,94895000,23567,18115,0,0,0,0,0,0.0,0,0.0,0,0,0,0.0,0,0.0
A338220,ºä³ë,20230622,905,31800,31900,31700,31800,0,2091,66450000,22612,16099,0,0,0,0,0,0.0,0,0.0,0,0,0,0.0,0,0.0
A338220,ºä³ë,20230622,904,31650,31750,31600,31700,0,3398,107607000,21254,15366,0,0,0,0,0,0.0,0,0.0,0,0,0,0.0,0,0.0
A338220,ºä³ë,20230622,903,31650,31650,31500,31600,0,8901,281050000,19448,13774,0,0,0,0,0,0.0,0,0.0,0,0,0,0.0,0,0.0
A338220,ºä³ë,20230622,902,31650,31800,31600,31650,0,5162,163459000,13894,10427,0,0,0,0,0,0.0,0,0.0,0,0,0,0.0,0,0.0
A338220,ºä³ë,20230622,901,32150,32200,31650,31800,0,19484,624129000,9512,9647,0,0,0,0,0,0.0,0,0.0,0,0,0,0.0,0,0.0
A338220,ºä³ë,20230621,1530,32950,32950,32950,32950,0,24607,810800000,639461,510562,0,0,0,0,0,0.0,0,0.0,0,0,0,0.0,0,0.0
A338220,ºä³ë,20230621,1520,33300,33350,33250,33300,0,2374,79052000,639461,486720,0,0,0,0,0,0.0,0,0.0,0,0,0,0.0,0,0.0
A338220,ºä³ë,20230621,1519,33350,33400,33300,33350,0,2041,68053000,638270,485537,0,0,0,0,0,0.0,0,0.0,0,0,0,0.0,0,0.0
A338220,ºä³ë,20230621,1518,33350,33400,33350,33400,0,1347,44943000,636544,485222,0,0,0,0,0,0.0,0,0.0,0,0,0,0.0,0,0.0
A338220,ºä³ë,20230621,1517,33350,33400,33300,33350,0,2032,67728000,635599,484820,0,0,0,0,0,0.0,0,0.0,0,0,0,0.0,0,0.0
A338220,ºä³ë,20230621,1516,33350,33450,33350,33350,0,1587,52980000,634026,484361,0,0,0,0,0,0.0,0,0.0,0,0,0,0.0,0,0.0
A338220,ºä³ë,20230621,1515,33400,33400,33350,33350,0,1591,53108000,632762,484038,0,0,0,0,0,0.0,0,0.0,0,0,0,0.0,0,0.0
A338220,ºä³ë,20230621,1514,33400,33400,33350,33350,0,543,18113000,632134,483075,0,0,0,0,0,0.0,0,0.0,0,0,0,0.0,0,0.0
A338220,ºä³ë,20230621,1513,33400,33400,33350,33350,0,1035,34540000,631669,482997,0,0,0,0,0,0.0,0,0.0,0,0,0,0.0,0,0.0
A338220,ºä³ë,20230621,1512,33400,33450,33350,33400,0,1002,33455000,631081,482550,0,0,0,0,0,0.0,0,0.0,0,0,0,0.0,0,0.0
A338220,ºä³ë,20230621,1511,33450,33450,33400,33400,0,943,31505000,630327,482302,0,0,0,0,0,0.0,0,0.0,0,0,0,0.0,0,0.0
A338220,ºä³ë,20230621,1510,33500,33500,33400,33450,0,2724,91043000,629557,482129,0,0,0,0,0,0.0,0,0.0,0,0,0,0.0,0,0.0
A338220,ºä³ë,20230621,1509,33500,33500,33350,33500,0,2723,91005000,627275,481687,0,0,0,0,0,0.0,0,0.0,0,0,0,0.0,0,0.0
A338220,ºä³ë,20230621,1508,33600,33600,33450,33450,0,2174,72849000,626225,480014,0,0,0,0,0,0.0,0,0.0,0,0,0,0.0,0,0.0
A338220,ºä³ë,20230621,1507,33550,33600,33500,33550,0,2819,94574000,624317,479748,0,0,0,0,0,0.0,0,0.0,0,0,0,0.0,0,0.0
A338220,ºä³ë,20230621,1506,33550,33600,33550,33600,0,876,29420000,622056,479190,0,0,0,0,0,0.0,0,0.0,0,0,0,0.0,0,0.0
A338220,ºä³ë,20230621,1505,33600,33650,33550,33550,0,702,23575000,621776,478594,0,0,0,0,0,0.0,0,0.0,0,0,0,0.0,0,0.0
A338220,ºä³ë,20230621,1504,33600,33650,33600,33600,0,1987,66770000,621472,478196,0,0,0,0,0,0.0,0,0.0,0,0,0,0.0,0,0.0
A338220,ºä³ë,20230621,1503,33650,33700,33600,33600,0,4397,147842000,619782,477899,0,0,0,0,0,0.0,0,0.0,0,0,0,0.0,0,0.0
A338220,ºä³ë,20230621,1502,33550,33700,33550,33700,0,5800,195107000,617013,476271,0,0,0,0,0,0.0,0,0.0,0,0,0,0.0,0,0.0
A338220,ºä³ë,20230621,1501,33500,33600,33500,33600,0,4305,144433000,616795,470689,0,0,0,0,0,0.0,0,0.0,0,0,0,0.0,0,0.0
A338220,ºä³ë,20230621,1500,33450,33550,33400,33550,0,3157,105689000,615574,467605,0,0,0,0,0,0.0,0,0.0,0,0,0,0.0,0,0.0
A338220,ºä³ë,20230621,1459,33350,33450,33350,33450,0,1253,41851000,614932,465090,0,0,0,0,0,0.0,0,0.0,0,0,0,0.0,0,0.0
A338220,ºä³ë,20230621,1458,33350,33400,33350,33400,0,3383,112894000,614901,463868,0,0,0,0,0,0.0,0,0.0,0,0,0,0.0,0,0.0
A338220,ºä³ë,20230621,1457,33350,33400,33350,33350,0,649,21663000,612937,462449,0,0,0,0,0,0.0,0,0.0,0,0,0,0.0,0,0.0
A338220,ºä³ë,20230621,1456,33250,33350,33250,33350,0,1426,47489000,612680,462057,0,0,0,0,0,0.0,0,0.0,0,0,0,0.0,0,0.0
A338220,ºä³ë,20230621,1455,33250,33300,33250,33250,0,412,13716000,612386,460925,0,0,0,0,0,0.0,0,0.0,0,0,0,0.0,0,0.0
A338220,ºä³ë,20230621,1454,33250,33300,33250,33250,0,1445,48060000,612324,460575,0,0,0,0,0,0.0,0,0.0,0,0,0,0.0,0,0.0
A338220,ºä³ë,20230621,1453,33350,33350,33300,33300,0,520,17322000,611473,459981,0,0,0,0,0,0.0,0,0.0,0,0,0,0.0,0,0.0
A338220,ºä³ë,20230621,1452,33350,33400,33300,33350,0,879,29320000,611146,459788,0,0,0,0,0,0.0,0,0.0,0,0,0,0.0,0,0.0
A338220,ºä³ë,20230621,1451,33450,33450,33300,33300,0,2614,87280000,610767,459288,0,0,0,0,0,0.0,0,0.0,0,0,0,0.0,0,0.0
A338220,ºä³ë,20230621,1450,33250,33450,33250,33450,0,2810,93682000,609964,457477,0,0,0,0,0,0.0,0,0.0,0,0,0,0.0,0,0.0
A338220,ºä³ë,20230621,1449,33200,33250,33200,33250,0,283,9398000,609572,455059,0,0,0,0,0,0.0,0,0.0,0,0,0,0.0,0,0.0
A338220,ºä³ë,20230621,1448,33150,33200,33150,33200,0,3049,101108000,609371,454977,0,0,0,0,0,0.0,0,0.0,0,0,0,0.0,0,0.0
A338220,ºä³ë,20230621,1447,33050,33100,33050,33100,0,400,13238000,608964,452335,0,0,0,0,0,0.0,0,0.0,0,0,0,0.0,0,0.0
A338220,ºä³ë,20230621,1446,33050,33100,33050,33100,0,792,26193000,608727,452172,0,0,0,0,0,0.0,0,0.0,0,0,0,0.0,0,0.0
A338220,ºä³ë,20230621,1445,33000,33050,33000,33050,0,1199,39608000,608282,451825,0,0,0,0,0,0.0,0,0.0,0,0,0,0.0,0,0.0
A338220,ºä³ë,20230621,1444,32900,33000,32900,32950,0,804,26508000,607964,450944,0,0,0,0,0,0.0,0,0.0,0,0,0,0.0,0,0.0
A338220,ºä³ë,20230621,1443,32850,33000,32850,33000,0,2034,66954000,607775,450329,0,0,0,0,0,0.0,0,0.0,0,0,0,0.0,0,0.0
A338220,ºä³ë,20230621,1442,32850,32900,32850,32900,0,4357,143213000,606629,449441,0,0,0,0,0,0.0,0,0.0,0,0,0,0.0,0,0.0
A338220,ºä³ë,20230621,1441,33000,33000,32850,32850,0,11074,364361000,604803,446910,0,0,0,0,0,0.0,0,0.0,0,0,0,0.0,0,0.0
A338220,ºä³ë,20230621,1440,33000,33050,32950,32950,0,971,32040000,596169,444470,0,0,0,0,0,0.0,0,0.0,0,0,0,0.0,0,0.0
A338220,ºä³ë,20230621,1439,33000,33000,32950,33000,0,1831,60377000,595374,444294,0,0,0,0,0,0.0,0,0.0,0,0,0,0.0,0,0.0
A338220,ºä³ë,20230621,1438,33050,33050,32950,32950,0,2338,77143000,594193,443644,0,0,0,0,0,0.0,0,0.0,0,0,0,0.0,0,0.0
A338220,ºä³ë,20230621,1437,33050,33100,33000,33000,0,1265,41795000,592195,443304,0,0,0,0,0,0.0,0,0.0,0,0,0,0.0,0,0.0
A338220,ºä³ë,20230621,1436,33100,33100,33050,33050,0,1040,34381000,591010,443224,0,0,0,0,0,0.0,0,0.0,0,0,0,0.0,0,0.0
A338220,ºä³ë,20230621,1435,33100,33150,33050,33050,0,1424,47087000,590009,443185,0,0,0,0,0,0.0,0,0.0,0,0,0,0.0,0,0.0
A338220,ºä³ë,20230621,1434,33050,33100,33050,33100,0,31,1025000,588872,442898,0,0,0,0,0,0.0,0,0.0,0,0,0,0.0,0,0.0
A338220,ºä³ë,20230621,1433,33100,33150,33100,33100,0,984,32574000,588843,442896,0,0,0,0,0,0.0,0,0.0,0,0,0,0.0,0,0.0
A338220,ºä³ë,20230621,1432,33100,33150,33100,33100,0,355,11761000,587938,442817,0,0,0,0,0,0.0,0,0.0,0,0,0,0.0,0,0.0
A338220,ºä³ë,20230621,1431,33050,33100,33050,33100,0,295,9759000,587781,442619,0,0,0,0,0,0.0,0,0.0,0,0,0,0.0,0,0.0
A338220,ºä³ë,20230621,1430,33150,33150,33050,33050,0,1016,33678000,587678,442427,0,0,0,0,0,0.0,0,0.0,0,0,0,0.0,0,0.0
A338220,ºä³ë,20230621,1429,33100,33150,33050,33150,0,338,11182000,587136,441953,0,0,0,0,0,0.0,0,0.0,0,0,0,0.0,0,0.0
A338220,ºä³ë,20230621,1428,33050,33100,33050,33100,0,1075,35535000,586952,441799,0,0,0,0,0,0.0,0,0.0,0,0,0,0.0,0,0.0
A338220,ºä³ë,20230621,1427,33050,33150,33050,33050,0,572,18924000,585954,441722,0,0,0,0,0,0.0,0,0.0,0,0,0,0.0,0,0.0
A338220,ºä³ë,20230621,1426,33050,33100,33000,33100,0,710,23492000,585481,441623,0,0,0,0,0,0.0,0,0.0,0,0,0,0.0,0,0.0
A338220,ºä³ë,20230621,1425,33000,33050,33000,33050,0,310,10230000,585231,441163,0,0,0,0,0,0.0,0,0.0,0,0,0,0.0,0,0.0
A338220,ºä³ë,20230621,1424,33050,33050,33000,33000,0,402,13267000,584924,441160,0,0,0,0,0,0.0,0,0.0,0,0,0,0.0,0,0.0
A338220,ºä³ë,20230621,1423,33000,33050,33000,33000,0,454,14986000,584525,441157,0,0,0,0,0,0.0,0,0.0,0,0,0,0.0,0,0.0
A338220,ºä³ë,20230621,1422,33000,33050,33000,33050,0,346,11427000,584129,441099,0,0,0,0,0,0.0,0,0.0,0,0,0,0.0,0,0.0
A338220,ºä³ë,20230621,1421,33000,33050,33000,33000,0,564,18612000,583956,440926,0,0,0,0,0,0.0,0,0.0,0,0,0,0.0,0,0.0
A338220,ºä³ë,20230621,1420,33000,33000,33000,33000,0,283,9339000,583393,440925,0,0,0,0,0,0.0,0,0.0,0,0,0,0.0,0,0.0
A338220,ºä³ë,20230621,1419,33000,33050,32950,33050,0,370,12218000,583110,440925,0,0,0,0,0,0.0,0,0.0,0,0,0,0.0,0,0.0
A338220,ºä³ë,20230621,1418,33000,33000,33000,33000,0,586,19338000,582939,440726,0,0,0,0,0,0.0,0,0.0,0,0,0,0.0,0,0.0
A338220,ºä³ë,20230621,1417,33000,33050,33000,33000,0,65,2146000,582353,440726,0,0,0,0,0,0.0,0,0.0,0,0,0,0.0,0,0.0
A338220,ºä³ë,20230621,1416,33000,33050,33000,33000,0,534,17627000,582290,440724,0,0,0,0,0,0.0,0,0.0,0,0,0,0.0,0,0.0
A338220,ºä³ë,20230621,1415,32950,33000,32950,33000,0,980,32336000,581869,440611,0,0,0,0,0,0.0,0,0.0,0,0,0,0.0,0,0.0
A338220,ºä³ë,20230621,1414,33000,33000,32950,33000,0,819,27008000,581445,440055,0,0,0,0,0,0.0,0,0.0,0,0,0,0.0,0,0.0
A338220,ºä³ë,20230621,1413,33050,33050,32950,33000,0,4863,160475000,581055,439626,0,0,0,0,0,0.0,0,0.0,0,0,0,0.0,0,0.0
A338220,ºä³ë,20230621,1412,33050,33100,33050,33100,0,780,25795000,576336,439482,0,0,0,0,0,0.0,0,0.0,0,0,0,0.0,0,0.0
A338220,ºä³ë,20230621,1411,33000,33050,33000,33050,0,773,25538000,575879,439159,0,0,0,0,0,0.0,0,0.0,0,0,0,0.0,0,0.0
A338220,ºä³ë,20230621,1410,33050,33050,33050,33050,0,765,25283000,575440,438825,0,0,0,0,0,0.0,0,0.0,0,0,0,0.0,0,0.0
A338220,ºä³ë,20230621,1409,33050,33100,33050,33050,0,710,23468000,574878,438622,0,0,0,0,0,0.0,0,0.0,0,0,0,0.0,0,0.0
A338220,ºä³ë,20230621,1408,33100,33100,33050,33050,0,561,18543000,574212,438578,0,0,0,0,0,0.0,0,0.0,0,0,0,0.0,0,0.0
A338220,ºä³ë,20230621,1407,33050,33150,33050,33100,0,901,29821000,573687,438542,0,0,0,0,0,0.0,0,0.0,0,0,0,0.0,0,0.0
A338220,ºä³ë,20230621,1406,33050,33100,33050,33100,0,467,15442000,572956,438372,0,0,0,0,0,0.0,0,0.0,0,0,0,0.0,0,0.0
A338220,ºä³ë,20230621,1405,33100,33100,33000,33050,0,760,25120000,572638,438223,0,0,0,0,0,0.0,0,0.0,0,0,0,0.0,0,0.0
A338220,ºä³ë,20230621,1404,33000,33100,33000,33100,0,1529,50524000,571964,438137,0,0,0,0,0,0.0,0,0.0,0,0,0,0.0,0,0.0
A338220,ºä³ë,20230621,1403,33050,33050,33000,33000,0,974,32187000,571761,436811,0,0,0,0,0,0.0,0,0.0,0,0,0,0.0,0,0.0
A338220,ºä³ë,20230621,1402,33050,33100,33050,33050,0,246,8134000,570886,436712,0,0,0,0,0,0.0,0,0.0,0,0,0,0.0,0,0.0
A338220,ºä³ë,20230621,1401,33100,33100,33050,33050,0,843,27876000,570721,436631,0,0,0,0,0,0.0,0,0.0,0,0,0,0.0,0,0.0
A338220,ºä³ë,20230621,1400,33150,33150,33050,33150,0,304,10073000,570018,436491,0,0,0,0,0,0.0,0,0.0,0,0,0,0.0,0,0.0
A338220,ºä³ë,20230621,1359,33150,33200,33100,33150,0,1021,33851000,569855,436350,0,0,0,0,0,0.0,0,0.0,0,0,0,0.0,0,0.0
A338220,ºä³ë,20230621,1358,33150,33150,33100,33150,0,281,9311000,569418,435766,0,0,0,0,0,0.0,0,0.0,0,0,0,0.0,0,0.0
A338220,ºä³ë,20230621,1357,33200,33200,33100,33100,0,345,11431000,569326,435577,0,0,0,0,0,0.0,0,0.0,0,0,0,0.0,0,0.0
A338220,ºä³ë,20230621,1356,33150,33150,33100,33100,0,1201,39776000,569138,435420,0,0,0,0,0,0.0,0,0.0,0,0,0,0.0,0,0.0
A338220,ºä³ë,20230621,1355,33150,33250,33150,33150,0,244,8097000,568469,434888,0,0,0,0,0,0.0,0,0.0,0,0,0,0.0,0,0.0
A338220,ºä³ë,20230621,1354,33050,33150,33050,33150,0,749,24761000,568355,434758,0,0,0,0,0,0.0,0,0.0,0,0,0,0.0,0,0.0
A338220,ºä³ë,20230621,1353,33200,33200,33000,33100,0,3692,121995000,567798,434566,0,0,0,0,0,0.0,0,0.0,0,0,0,0.0,0,0.0
A338220,ºä³ë,20230621,1352,33150,33200,33150,33200,0,1367,45384000,564207,434465,0,0,0,0,0,0.0,0,0.0,0,0,0,0.0,0,0.0
A338220,ºä³ë,20230621,1351,33050,33100,33000,33100,0,3148,104014000,563929,433376,0,0,0,0,0,0.0,0,0.0,0,0,0,0.0,0,0.0
A338220,ºä³ë,20230621,1350,33050,33150,33050,33050,0,1087,35927000,561176,432981,0,0,0,0,0,0.0,0,0.0,0,0,0,0.0,0,0.0
A338220,ºä³ë,20230621,1349,33050,33150,33050,33100,0,301,9960000,560101,432969,0,0,0,0,0,0.0,0,0.0,0,0,0,0.0,0,0.0
A338220,ºä³ë,20230621,1348,33050,33150,33050,33050,0,1423,47073000,559902,432867,0,0,0,0,0,0.0,0,0.0,0,0,0,0.0,0,0.0
A338220,ºä³ë,20230621,1347,33050,33050,33000,33050,0,1255,41452000,559012,432334,0,0,0,0,0,0.0,0,0.0,0,0,0,0.0,0,0.0
A338220,ºä³ë,20230621,1346,33100,33100,33050,33050,0,854,28232000,557834,432257,0,0,0,0,0,0.0,0,0.0,0,0,0,0.0,0,0.0
A338220,ºä³ë,20230621,1345,33050,33100,33050,33100,0,1195,39500000,557115,432122,0,0,0,0,0,0.0,0,0.0,0,0,0,0.0,0,0.0
A338220,ºä³ë,20230621,1344,33100,33100,33050,33100,0,1375,45477000,556021,432021,0,0,0,0,0,0.0,0,0.0,0,0,0,0.0,0,0.0
A338220,ºä³ë,20230621,1343,33100,33200,33050,33050,0,1390,46012000,555322,431345,0,0,0,0,0,0.0,0,0.0,0,0,0,0.0,0,0.0
A338220,ºä³ë,20230621,1342,33100,33100,33050,33050,0,1316,43518000,554412,430865,0,0,0,0,0,0.0,0,0.0,0,0,0,0.0,0,0.0
A338220,ºä³ë,20230621,1341,33150,33150,33100,33100,0,127,4207000,553296,430665,0,0,0,0,0,0.0,0,0.0,0,0,0,0.0,0,0.0
A338220,ºä³ë,20230621,1340,33100,33100,33100,33100,0,179,5925000,553232,430602,0,0,0,0,0,0.0,0,0.0,0,0,0,0.0,0,0.0
A338220,ºä³ë,20230621,1339,33100,33150,33100,33100,0,525,17383000,553053,430602,0,0,0,0,0,0.0,0,0.0,0,0,0,0.0,0,0.0
A338220,ºä³ë,20230621,1338,33100,33150,33100,33150,0,600,19870000,552641,430489,0,0,0,0,0,0.0,0,0.0,0,0,0,0.0,0,0.0
A338220,ºä³ë,20230621,1337,33200,33250,33100,33100,0,1652,54838000,552246,430284,0,0,0,0,0,0.0,0,0.0,0,0,0,0.0,0,0.0
A338220,ºä³ë,20230621,1336,33100,33150,33100,33150,0,461,15267000,551854,429024,0,0,0,0,0,0.0,0,0.0,0,0,0,0.0,0,0.0
A338220,ºä³ë,20230621,1335,33100,33100,33100,33100,0,1007,33332000,551481,428936,0,0,0,0,0,0.0,0,0.0,0,0,0,0.0,0,0.0
A338220,ºä³ë,20230621,1334,33150,33200,33100,33200,0,717,23768000,550474,428936,0,0,0,0,0,0.0,0,0.0,0,0,0,0.0,0,0.0
A338220,ºä³ë,20230621,1333,33100,33150,33050,33150,0,418,13831000,550199,428494,0,0,0,0,0,0.0,0,0.0,0,0,0,0.0,0,0.0
A338220,ºä³ë,20230621,1332,33100,33100,33050,33100,0,271,8970000,550102,428173,0,0,0,0,0,0.0,0,0.0,0,0,0,0.0,0,0.0
A338220,ºä³ë,20230621,1331,33050,33200,33050,33100,0,490,16222000,549889,428115,0,0,0,0,0,0.0,0,0.0,0,0,0,0.0,0,0.0
A338220,ºä³ë,20230621,1330,33050,33100,33050,33050,0,1047,34644000,549571,427943,0,0,0,0,0,0.0,0,0.0,0,0,0,0.0,0,0.0
A338220,ºä³ë,20230621,1329,33050,33100,33000,33100,0,2799,92517000,549272,427195,0,0,0,0,0,0.0,0,0.0,0,0,0,0.0,0,0.0
A338220,ºä³ë,20230621,1328,33100,33150,33050,33050,0,1903,62993000,547087,426581,0,0,0,0,0,0.0,0,0.0,0,0,0,0.0,0,0.0
A338220,ºä³ë,20230621,1327,33200,33200,33100,33100,0,1699,56324000,545266,426499,0,0,0,0,0,0.0,0,0.0,0,0,0,0.0,0,0.0
A338220,ºä³ë,20230621,1326,33150,33200,33150,33200,0,1023,33936000,543761,426305,0,0,0,0,0,0.0,0,0.0,0,0,0,0.0,0,0.0
A338220,ºä³ë,20230621,1325,33200,33200,33150,33150,0,157,5211000,543217,425826,0,0,0,0,0,0.0,0,0.0,0,0,0,0.0,0,0.0
A338220,ºä³ë,20230621,1324,33150,33200,33150,33200,0,395,13101000,543194,425692,0,0,0,0,0,0.0,0,0.0,0,0,0,0.0,0,0.0
A338220,ºä³ë,20230621,1323,33200,33200,33150,33200,0,569,18872000,542898,425593,0,0,0,0,0,0.0,0,0.0,0,0,0,0.0,0,0.0
A338220,ºä³ë,20230621,1322,33150,33200,33150,33200,0,332,11016000,542518,425404,0,0,0,0,0,0.0,0,0.0,0,0,0,0.0,0,0.0
A338220,ºä³ë,20230621,1321,33150,33200,33150,33150,0,362,12011000,542377,425213,0,0,0,0,0,0.0,0,0.0,0,0,0,0.0,0,0.0
A338220,ºä³ë,20230621,1320,33200,33200,33150,33200,0,675,22397000,542241,424987,0,0,0,0,0,0.0,0,0.0,0,0,0,0.0,0,0.0
A338220,ºä³ë,20230621,1319,33150,33200,33150,33200,0,784,26004000,541984,424569,0,0,0,0,0,0.0,0,0.0,0,0,0,0.0,0,0.0
A338220,ºä³ë,20230621,1318,33200,33250,33150,33150,0,2742,90923000,541488,424281,0,0,0,0,0,0.0,0,0.0,0,0,0,0.0,0,0.0
A338220,ºä³ë,20230621,1317,33200,33250,33150,33250,0,164,5450000,538933,424094,0,0,0,0,0,0.0,0,0.0,0,0,0,0.0,0,0.0
A338220,ºä³ë,20230621,1316,33200,33200,33150,33200,0,369,12250000,538883,423980,0,0,0,0,0,0.0,0,0.0,0,0,0,0.0,0,0.0
A338220,ºä³ë,20230621,1315,33250,33300,33200,33200,0,1009,33514000,538548,423946,0,0,0,0,0,0.0,0,0.0,0,0,0,0.0,0,0.0
A338220,ºä³ë,20230621,1314,33250,33300,33200,33250,0,337,11209000,537602,423883,0,0,0,0,0,0.0,0,0.0,0,0,0,0.0,0,0.0
A338220,ºä³ë,20230621,1313,33300,33300,33200,33250,0,579,19226000,537455,423693,0,0,0,0,0,0.0,0,0.0,0,0,0,0.0,0,0.0
A338220,ºä³ë,20230621,1312,33250,33300,33200,33300,0,341,11329000,536911,423658,0,0,0,0,0,0.0,0,0.0,0,0,0,0.0,0,0.0
A338220,ºä³ë,20230621,1311,33200,33250,33150,33200,0,839,27860000,536722,423506,0,0,0,0,0,0.0,0,0.0,0,0,0,0.0,0,0.0
A338220,ºä³ë,20230621,1310,33200,33200,33150,33150,0,811,26914000,536577,422812,0,0,0,0,0,0.0,0,0.0,0,0,0,0.0,0,0.0
A338220,ºä³ë,20230621,1309,33250,33250,33200,33250,0,1289,42820000,535839,422739,0,0,0,0,0,0.0,0,0.0,0,0,0,0.0,0,0.0
A338220,ºä³ë,20230621,1308,33350,33400,33250,33250,0,1166,38834000,534697,422592,0,0,0,0,0,0.0,0,0.0,0,0,0,0.0,0,0.0
A338220,ºä³ë,20230621,1307,33350,33400,33300,33350,0,1895,63139000,533642,422481,0,0,0,0,0,0.0,0,0.0,0,0,0,0.0,0,0.0
A338220,ºä³ë,20230621,1306,33350,33400,33350,33400,0,367,12246000,531825,422403,0,0,0,0,0,0.0,0,0.0,0,0,0,0.0,0,0.0
A338220,ºä³ë,20230621,1305,33350,33400,33350,33400,0,847,28254000,531599,422262,0,0,0,0,0,0.0,0,0.0,0,0,0,0.0,0,0.0
A338220,ºä³ë,20230621,1304,33400,33400,33350,33350,0,684,22829000,530898,422116,0,0,0,0,0,0.0,0,0.0,0,0,0,0.0,0,0.0
A338220,ºä³ë,20230621,1303,33400,33400,33350,33400,0,1652,55102000,530562,421768,0,0,0,0,0,0.0,0,0.0,0,0,0,0.0,0,0.0
A338220,ºä³ë,20230621,1302,33350,33450,33350,33350,0,1646,54937000,529051,421627,0,0,0,0,0,0.0,0,0.0,0,0,0,0.0,0,0.0
A338220,ºä³ë,20230621,1301,33350,33400,33300,33400,0,456,15209000,527707,421325,0,0,0,0,0,0.0,0,0.0,0,0,0,0.0,0,0.0
A338220,ºä³ë,20230621,1300,33400,33400,33300,33350,0,479,15977000,527454,421122,0,0,0,0,0,0.0,0,0.0,0,0,0,0.0,0,0.0
A338220,ºä³ë,20230621,1259,33450,33500,33350,33350,0,433,14459000,527050,421047,0,0,0,0,0,0.0,0,0.0,0,0,0,0.0,0,0.0
A338220,ºä³ë,20230621,1258,33350,33500,33350,33500,0,655,21856000,526718,420946,0,0,0,0,0,0.0,0,0.0,0,0,0,0.0,0,0.0
A338220,ºä³ë,20230621,1257,33300,33500,33250,33300,0,1262,42066000,526159,420850,0,0,0,0,0,0.0,0,0.0,0,0,0,0.0,0,0.0
A338220,ºä³ë,20230621,1256,33350,33350,33300,33300,0,2271,75653000,525866,419881,0,0,0,0,0,0.0,0,0.0,0,0,0,0.0,0,0.0
A338220,ºä³ë,20230621,1255,33400,33400,33350,33350,0,645,21517000,523965,419511,0,0,0,0,0,0.0,0,0.0,0,0,0,0.0,0,0.0
A338220,ºä³ë,20230621,1254,33500,33500,33400,33400,0,1973,65942000,523588,419243,0,0,0,0,0,0.0,0,0.0,0,0,0,0.0,0,0.0
A338220,ºä³ë,20230621,1253,33450,33600,33350,33600,0,2044,68250000,522374,418484,0,0,0,0,0,0.0,0,0.0,0,0,0,0.0,0,0.0
A338220,ºä³ë,20230621,1252,33400,33450,33350,33350,0,1787,59622000,520889,417925,0,0,0,0,0,0.0,0,0.0,0,0,0,0.0,0,0.0
A338220,ºä³ë,20230621,1251,33350,33450,33350,33400,0,800,26704000,519524,417503,0,0,0,0,0,0.0,0,0.0,0,0,0,0.0,0,0.0
A338220,ºä³ë,20230621,1250,33600,33600,33300,33450,0,4336,144910000,519187,417040,0,0,0,0,0,0.0,0,0.0,0,0,0,0.0,0,0.0
A338220,ºä³ë,20230621,1249,33600,33650,33550,33600,0,932,31308000,514954,416937,0,0,0,0,0,0.0,0,0.0,0,0,0,0.0,0,0.0
A338220,ºä³ë,20230621,1248,33700,33750,33600,33600,0,2056,69228000,514264,416695,0,0,0,0,0,0.0,0,0.0,0,0,0,0.0,0,0.0
A338220,ºä³ë,20230621,1247,33750,33800,33650,33700,0,3192,107637000,513388,415515,0,0,0,0,0,0.0,0,0.0,0,0,0,0.0,0,0.0
A338220,ºä³ë,20230621,1246,33750,33800,33600,33800,0,5103,171877000,510904,414807,0,0,0,0,0,0.0,0,0.0,0,0,0,0.0,0,0.0
A338220,ºä³ë,20230621,1245,33650,33850,33650,33750,0,10579,357186000,507035,413573,0,0,0,0,0,0.0,0,0.0,0,0,0,0.0,0,0.0
A338220,ºä³ë,20230621,1244,33750,33800,33550,33700,0,10553,355422000,504457,405572,0,0,0,0,0,0.0,0,0.0,0,0,0,0.0,0,0.0
A338220,ºä³ë,20230621,1243,33450,33750,33450,33750,0,5671,190742000,497859,401617,0,0,0,0,0,0.0,0,0.0,0,0,0,0.0,0,0.0
A338220,ºä³ë,20230621,1242,33250,33550,33250,33450,0,3077,102875000,497472,396333,0,0,0,0,0,0.0,0,0.0,0,0,0,0.0,0,0.0
A338220,ºä³ë,20230621,1241,33250,33300,33200,33250,0,603,20053000,497005,393723,0,0,0,0,0,0.0,0,0.0,0,0,0,0.0,0,0.0
A338220,ºä³ë,20230621,1240,33250,33350,33200,33250,0,745,24807000,496637,393488,0,0,0,0,0,0.0,0,0.0,0,0,0,0.0,0,0.0
A338220,ºä³ë,20230621,1239,33300,33350,33200,33250,0,1062,35321000,496432,392948,0,0,0,0,0,0.0,0,0.0,0,0,0,0.0,0,0.0
A338220,ºä³ë,20230621,1238,33200,33300,33150,33300,0,2250,74613000,495718,392600,0,0,0,0,0,0.0,0,0.0,0,0,0,0.0,0,0.0
A338220,ºä³ë,20230621,1237,33350,33350,33050,33200,0,6646,220431000,495321,390747,0,0,0,0,0,0.0,0,0.0,0,0,0,0.0,0,0.0
A338220,ºä³ë,20230621,1236,33350,33400,33300,33350,0,783,26121000,491639,387783,0,0,0,0,0,0.0,0,0.0,0,0,0,0.0,0,0.0
A338220,ºä³ë,20230621,1235,33350,33350,33300,33350,0,701,23372000,491030,387609,0,0,0,0,0,0.0,0,0.0,0,0,0,0.0,0,0.0
A338220,ºä³ë,20230621,1234,33350,33400,33300,33350,0,401,13375000,490560,387378,0,0,0,0,0,0.0,0,0.0,0,0,0,0.0,0,0.0
A338220,ºä³ë,20230621,1233,33350,33400,33300,33350,0,960,32013000,490471,387066,0,0,0,0,0,0.0,0,0.0,0,0,0,0.0,0,0.0
A338220,ºä³ë,20230621,1232,33350,33400,33350,33400,0,642,21413000,489758,386819,0,0,0,0,0,0.0,0,0.0,0,0,0,0.0,0,0.0
A338220,ºä³ë,20230621,1231,33400,33450,33350,33350,0,436,14552000,489157,386778,0,0,0,0,0,0.0,0,0.0,0,0,0,0.0,0,0.0
A338220,ºä³ë,20230621,1230,33400,33450,33350,33400,0,734,24515000,488814,386685,0,0,0,0,0,0.0,0,0.0,0,0,0,0.0,0,0.0
A338220,ºä³ë,20230621,1229,33450,33450,33400,33400,0,688,22983000,488180,386585,0,0,0,0,0,0.0,0,0.0,0,0,0,0.0,0,0.0
A338220,ºä³ë,20230621,1228,33450,33450,33400,33450,0,269,8995000,487670,386407,0,0,0,0,0,0.0,0,0.0,0,0,0,0.0,0,0.0
A338220,ºä³ë,20230621,1227,33400,33450,33400,33450,0,970,32423000,487619,386189,0,0,0,0,0,0.0,0,0.0,0,0,0,0.0,0,0.0
A338220,ºä³ë,20230621,1226,33350,33400,33350,33400,0,866,28902000,487462,385376,0,0,0,0,0,0.0,0,0.0,0,0,0,0.0,0,0.0
A338220,ºä³ë,20230621,1225,33400,33450,33400,33400,0,856,28608000,487025,384947,0,0,0,0,0,0.0,0,0.0,0,0,0,0.0,0,0.0
A338220,ºä³ë,20230621,1224,33300,33500,33300,33400,0,2782,92941000,486565,384551,0,0,0,0,0,0.0,0,0.0,0,0,0,0.0,0,0.0
A338220,ºä³ë,20230621,1223,33300,33350,33300,33300,0,652,21731000,485999,382335,0,0,0,0,0,0.0,0,0.0,0,0,0,0.0,0,0.0
A338220,ºä³ë,20230621,1222,33250,33300,33200,33300,0,240,7973000,485704,381978,0,0,0,0,0,0.0,0,0.0,0,0,0,0.0,0,0.0
A338220,ºä³ë,20230621,1221,33200,33250,33200,33250,0,671,22284000,485542,381900,0,0,0,0,0,0.0,0,0.0,0,0,0,0.0,0,0.0
A338220,ºä³ë,20230621,1220,33250,33300,33200,33200,0,169,5617000,484944,381827,0,0,0,0,0,0.0,0,0.0,0,0,0,0.0,0,0.0
A338220,ºä³ë,20230621,1219,33350,33350,33200,33300,0,103,3425000,484805,381797,0,0,0,0,0,0.0,0,0.0,0,0,0,0.0,0,0.0
A338220,ºä³ë,20230621,1218,33400,33400,33300,33300,0,1301,43373000,484739,381760,0,0,0,0,0,0.0,0,0.0,0,0,0,0.0,0,0.0
A338220,ºä³ë,20230621,1217,33400,33400,33300,33350,0,817,27240000,483554,381644,0,0,0,0,0,0.0,0,0.0,0,0,0,0.0,0,0.0
A338220,ºä³ë,20230621,1216,33300,33400,33300,33400,0,573,19113000,482831,381550,0,0,0,0,0,0.0,0,0.0,0,0,0,0.0,0,0.0
A338220,ºä³ë,20230621,1215,33250,33350,33250,33350,0,989,32944000,482554,381254,0,0,0,0,0,0.0,0,0.0,0,0,0,0.0,0,0.0
A338220,ºä³ë,20230621,1214,33250,33250,33150,33200,0,172,5711000,482318,380501,0,0,0,0,0,0.0,0,0.0,0,0,0,0.0,0,0.0
A338220,ºä³ë,20230621,1213,33300,33300,33150,33300,0,830,27579000,482146,380501,0,0,0,0,0,0.0,0,0.0,0,0,0,0.0,0,0.0
A338220,ºä³ë,20230621,1212,33250,33250,33250,33250,0,492,16359000,481326,380491,0,0,0,0,0,0.0,0,0.0,0,0,0,0.0,0,0.0
A338220,ºä³ë,20230621,1211,33200,33250,33150,33200,0,573,19007000,481120,380205,0,0,0,0,0,0.0,0,0.0,0,0,0,0.0,0,0.0
A338220,ºä³ë,20230621,1210,33250,33300,33200,33250,0,106,3523000,480635,380117,0,0,0,0,0,0.0,0,0.0,0,0,0,0.0,0,0.0
A338220,ºä³ë,20230621,1209,33200,33300,33200,33250,0,125,4159000,480572,380074,0,0,0,0,0,0.0,0,0.0,0,0,0,0.0,0,0.0
A338220,ºä³ë,20230621,1208,33200,33300,33150,33200,0,766,25455000,480501,380020,0,0,0,0,0,0.0,0,0.0,0,0,0,0.0,0,0.0
A338220,ºä³ë,20230621,1207,33250,33250,33200,33200,0,495,16434000,480337,379418,0,0,0,0,0,0.0,0,0.0,0,0,0,0.0,0,0.0
A338220,ºä³ë,20230621,1206,33250,33300,33200,33250,0,476,15807000,479848,379412,0,0,0,0,0,0.0,0,0.0,0,0,0,0.0,0,0.0
A338220,ºä³ë,20230621,1205,33250,33300,33200,33300,0,624,20742000,479423,379361,0,0,0,0,0,0.0,0,0.0,0,0,0,0.0,0,0.0
A338220,ºä³ë,20230621,1204,33250,33300,33250,33250,0,309,10276000,478938,379222,0,0,0,0,0,0.0,0,0.0,0,0,0,0.0,0,0.0
A338220,ºä³ë,20230621,1203,33300,33300,33250,33300,0,1249,41543000,478666,379185,0,0,0,0,0,0.0,0,0.0,0,0,0,0.0,0,0.0
A338220,ºä³ë,20230621,1202,33350,33350,33250,33350,0,497,16542000,477517,379085,0,0,0,0,0,0.0,0,0.0,0,0,0,0.0,0,0.0
A338220,ºä³ë,20230621,1201,33300,33300,33200,33300,0,1460,48586000,477143,378962,0,0,0,0,0,0.0,0,0.0,0,0,0,0.0,0,0.0
A338220,ºä³ë,20230621,1200,33300,33300,33250,33300,0,665,22128000,476860,377785,0,0,0,0,0,0.0,0,0.0,0,0,0,0.0,0,0.0
A338220,ºä³ë,20230621,1159,33300,33300,33250,33250,0,308,10245000,476537,377443,0,0,0,0,0,0.0,0,0.0,0,0,0,0.0,0,0.0
A338220,ºä³ë,20230621,1158,33250,33300,33200,33300,0,1832,60991000,476367,377305,0,0,0,0,0,0.0,0,0.0,0,0,0,0.0,0,0.0
A338220,ºä³ë,20230621,1157,33150,33250,33150,33250,0,590,19595000,476340,375500,0,0,0,0,0,0.0,0,0.0,0,0,0,0.0,0,0.0
A338220,ºä³ë,20230621,1156,33100,33150,33100,33150,0,471,15593000,476232,375018,0,0,0,0,0,0.0,0,0.0,0,0,0,0.0,0,0.0
A338220,ºä³ë,20230621,1155,33050,33150,33050,33100,0,470,15568000,475821,374958,0,0,0,0,0,0.0,0,0.0,0,0,0,0.0,0,0.0
A338220,ºä³ë,20230621,1154,33200,33200,33050,33050,0,552,18267000,475661,374648,0,0,0,0,0,0.0,0,0.0,0,0,0,0.0,0,0.0
A338220,ºä³ë,20230621,1153,33050,33200,33050,33200,0,532,17620000,475136,374621,0,0,0,0,0,0.0,0,0.0,0,0,0,0.0,0,0.0
A338220,ºä³ë,20230621,1152,33100,33100,33050,33050,0,1564,51710000,475020,374205,0,0,0,0,0,0.0,0,0.0,0,0,0,0.0,0,0.0
A338220,ºä³ë,20230621,1151,33100,33150,33100,33150,0,878,29064000,473470,374191,0,0,0,0,0,0.0,0,0.0,0,0,0,0.0,0,0.0
A338220,ºä³ë,20230621,1150,33200,33200,33100,33150,0,1182,39193000,472872,373911,0,0,0,0,0,0.0,0,0.0,0,0,0,0.0,0,0.0
A338220,ºä³ë,20230621,1149,33150,33200,33100,33100,0,568,18835000,472303,373298,0,0,0,0,0,0.0,0,0.0,0,0,0,0.0,0,0.0
A338220,ºä³ë,20230621,1148,33150,33200,33100,33200,0,342,11341000,471941,373092,0,0,0,0,0,0.0,0,0.0,0,0,0,0.0,0,0.0
A338220,ºä³ë,20230621,1147,33100,33150,33100,33100,0,228,7553000,471797,372894,0,0,0,0,0,0.0,0,0.0,0,0,0,0.0,0,0.0
A338220,ºä³ë,20230621,1146,33050,33100,33050,33100,0,935,30909000,471683,372780,0,0,0,0,0,0.0,0,0.0,0,0,0,0.0,0,0.0
A338220,ºä³ë,20230621,1145,33000,33150,33000,33050,0,629,20807000,470934,372594,0,0,0,0,0,0.0,0,0.0,0,0,0,0.0,0,0.0
A338220,ºä³ë,20230621,1144,33050,33150,33000,33050,0,2262,74688000,470600,372299,0,0,0,0,0,0.0,0,0.0,0,0,0,0.0,0,0.0
A338220,ºä³ë,20230621,1143,33050,33100,33050,33050,0,2222,73538000,469224,371413,0,0,0,0,0,0.0,0,0.0,0,0,0,0.0,0,0.0
A338220,ºä³ë,20230621,1142,33000,33050,33000,33000,0,158,5216000,469063,369352,0,0,0,0,0,0.0,0,0.0,0,0,0,0.0,0,0.0
A338220,ºä³ë,20230621,1141,32950,33050,32900,33000,0,1579,52080000,468945,369312,0,0,0,0,0,0.0,0,0.0,0,0,0,0.0,0,0.0
A338220,ºä³ë,20230621,1140,32950,33000,32900,32950,0,85,2801000,467669,369009,0,0,0,0,0,0.0,0,0.0,0,0,0,0.0,0,0.0
A338220,ºä³ë,20230621,1139,32900,32950,32900,32950,0,700,23033000,467642,368951,0,0,0,0,0,0.0,0,0.0,0,0,0,0.0,0,0.0
A338220,ºä³ë,20230621,1138,32900,33000,32900,32900,0,927,30512000,466995,368898,0,0,0,0,0,0.0,0,0.0,0,0,0,0.0,0,0.0
A338220,ºä³ë,20230621,1137,32950,32950,32900,32900,0,258,8499000,466206,368760,0,0,0,0,0,0.0,0,0.0,0,0,0,0.0,0,0.0
A338220,ºä³ë,20230621,1136,33100,33100,32800,32950,0,2908,95565000,466150,368558,0,0,0,0,0,0.0,0,0.0,0,0,0,0.0,0,0.0
A338220,ºä³ë,20230621,1135,32900,33100,32850,33100,0,3351,110693000,463557,368243,0,0,0,0,0,0.0,0,0.0,0,0,0,0.0,0,0.0
A338220,ºä³ë,20230621,1134,33000,33000,32850,32900,0,1233,40580000,462902,365547,0,0,0,0,0,0.0,0,0.0,0,0,0,0.0,0,0.0
A338220,ºä³ë,20230621,1133,32900,33000,32850,32950,0,1965,64668000,462450,364766,0,0,0,0,0,0.0,0,0.0,0,0,0,0.0,0,0.0
A338220,ºä³ë,20230621,1132,32950,33100,32900,32950,0,850,28004000,461208,364043,0,0,0,0,0,0.0,0,0.0,0,0,0,0.0,0,0.0
A338220,ºä³ë,20230621,1131,32950,33050,32950,32950,0,829,27335000,460418,363983,0,0,0,0,0,0.0,0,0.0,0,0,0,0.0,0,0.0
A338220,ºä³ë,20230621,1130,32950,33000,32900,32950,0,3759,123868000,459836,363736,0,0,0,0,0,0.0,0,0.0,0,0,0,0.0,0,0.0
A338220,ºä³ë,20230621,1129,33050,33050,32900,32900,0,2826,93288000,456873,362940,0,0,0,0,0,0.0,0,0.0,0,0,0,0.0,0,0.0
A338220,ºä³ë,20230621,1128,33000,33150,33000,33100,0,1117,36952000,454151,362836,0,0,0,0,0,0.0,0,0.0,0,0,0,0.0,0,0.0
A338220,ºä³ë,20230621,1127,32900,33000,32900,33000,0,253,8333000,453552,362318,0,0,0,0,0,0.0,0,0.0,0,0,0,0.0,0,0.0
A338220,ºä³ë,20230621,1126,32950,32950,32900,32900,0,2291,75446000,453394,362223,0,0,0,0,0,0.0,0,0.0,0,0,0,0.0,0,0.0
A338220,ºä³ë,20230621,1125,32850,33000,32850,32950,0,1640,54009000,451138,362188,0,0,0,0,0,0.0,0,0.0,0,0,0,0.0,0,0.0
A338220,ºä³ë,20230621,1124,32800,32850,32750,32850,0,1774,58221000,450713,360973,0,0,0,0,0,0.0,0,0.0,0,0,0,0.0,0,0.0
A338220,ºä³ë,20230621,1123,32750,32800,32750,32750,0,1658,54339000,450056,359856,0,0,0,0,0,0.0,0,0.0,0,0,0,0.0,0,0.0
A338220,ºä³ë,20230621,1122,32800,32800,32700,32750,0,2494,81708000,449192,359062,0,0,0,0,0,0.0,0,0.0,0,0,0,0.0,0,0.0
A338220,ºä³ë,20230621,1121,33050,33100,32750,32750,0,12340,405746000,447232,358528,0,0,0,0,0,0.0,0,0.0,0,0,0,0.0,0,0.0
A338220,ºä³ë,20230621,1120,33000,33100,33000,33050,0,888,29359000,435011,358409,0,0,0,0,0,0.0,0,0.0,0,0,0,0.0,0,0.0
A338220,ºä³ë,20230621,1119,33000,33050,33000,33000,0,1168,38585000,434709,357823,0,0,0,0,0,0.0,0,0.0,0,0,0,0.0,0,0.0
A338220,ºä³ë,20230621,1118,33100,33100,33000,33000,0,1857,61373000,433785,357579,0,0,0,0,0,0.0,0,0.0,0,0,0,0.0,0,0.0
A338220,ºä³ë,20230621,1117,33050,33150,33050,33050,0,1563,51700000,432035,357472,0,0,0,0,0,0.0,0,0.0,0,0,0,0.0,0,0.0
A338220,ºä³ë,20230621,1116,32950,33150,32950,33050,0,2083,68750000,430642,357302,0,0,0,0,0,0.0,0,0.0,0,0,0,0.0,0,0.0
A338220,ºä³ë,20230621,1115,33100,33100,32950,32950,0,6721,221963000,429525,356336,0,0,0,0,0,0.0,0,0.0,0,0,0,0.0,0,0.0
A338220,ºä³ë,20230621,1114,33100,33150,33100,33100,0,4860,160892000,423014,356126,0,0,0,0,0,0.0,0,0.0,0,0,0,0.0,0,0.0
A338220,ºä³ë,20230621,1113,33300,33300,33100,33100,0,6851,227357000,418658,355622,0,0,0,0,0,0.0,0,0.0,0,0,0,0.0,0,0.0
A338220,ºä³ë,20230621,1112,33450,33450,33250,33300,0,4751,158450000,412380,355049,0,0,0,0,0,0.0,0,0.0,0,0,0,0.0,0,0.0
A338220,ºä³ë,20230621,1111,33450,33500,33450,33500,0,432,14452000,408249,354429,0,0,0,0,0,0.0,0,0.0,0,0,0,0.0,0,0.0
A338220,ºä³ë,20230621,1110,33400,33500,33400,33450,0,1448,48436000,407862,354384,0,0,0,0,0,0.0,0,0.0,0,0,0,0.0,0,0.0
A338220,ºä³ë,20230621,1109,33600,33600,33450,33450,0,2149,72005000,407469,353329,0,0,0,0,0,0.0,0,0.0,0,0,0,0.0,0,0.0
A338220,ºä³ë,20230621,1108,33600,33600,33550,33600,0,1067,35848000,405375,353274,0,0,0,0,0,0.0,0,0.0,0,0,0,0.0,0,0.0
A338220,ºä³ë,20230621,1107,33500,33600,33500,33600,0,741,24870000,405150,352432,0,0,0,0,0,0.0,0,0.0,0,0,0,0.0,0,0.0
A338220,ºä³ë,20230621,1106,33600,33600,33550,33550,0,3277,110042000,404955,351886,0,0,0,0,0,0.0,0,0.0,0,0,0,0.0,0,0.0
A338220,ºä³ë,20230621,1105,33550,33600,33500,33550,0,1294,43405000,403503,350061,0,0,0,0,0,0.0,0,0.0,0,0,0,0.0,0,0.0
A338220,ºä³ë,20230621,1104,33550,33550,33500,33550,0,811,27176000,402914,349356,0,0,0,0,0,0.0,0,0.0,0,0,0,0.0,0,0.0
A338220,ºä³ë,20230621,1103,33550,33550,33500,33550,0,941,31554000,402235,349224,0,0,0,0,0,0.0,0,0.0,0,0,0,0.0,0,0.0
A338220,ºä³ë,20230621,1102,33650,33650,33500,33550,0,2195,73728000,401857,348661,0,0,0,0,0,0.0,0,0.0,0,0,0,0.0,0,0.0
A338220,ºä³ë,20230621,1101,33500,33700,33500,33700,0,1609,54050000,400694,347629,0,0,0,0,0,0.0,0,0.0,0,0,0,0.0,0,0.0
A338220,ºä³ë,20230621,1100,33500,33550,33400,33500,0,2962,99089000,399970,346744,0,0,0,0,0,0.0,0,0.0,0,0,0,0.0,0,0.0
A338220,ºä³ë,20230621,1059,33350,33500,33350,33500,0,1040,34769000,397979,345773,0,0,0,0,0,0.0,0,0.0,0,0,0,0.0,0,0.0
A338220,ºä³ë,20230621,1058,33350,33350,33300,33350,0,1712,57054000,397552,345160,0,0,0,0,0,0.0,0,0.0,0,0,0,0.0,0,0.0
A338220,ºä³ë,20230621,1057,33350,33350,33300,33300,0,1244,41435000,396431,344569,0,0,0,0,0,0.0,0,0.0,0,0,0,0.0,0,0.0
A338220,ºä³ë,20230621,1056,33350,33400,33300,33350,0,1835,61143000,395322,344434,0,0,0,0,0,0.0,0,0.0,0,0,0,0.0,0,0.0
A338220,ºä³ë,20230621,1055,33250,33400,33200,33300,0,8741,290777000,393893,344028,0,0,0,0,0,0.0,0,0.0,0,0,0,0.0,0,0.0
A338220,ºä³ë,20230621,1054,33500,33500,33250,33250,0,9772,325908000,389673,339507,0,0,0,0,0,0.0,0,0.0,0,0,0,0.0,0,0.0
A338220,ºä³ë,20230621,1053,33550,33550,33500,33500,0,1177,39450000,380622,338786,0,0,0,0,0,0.0,0,0.0,0,0,0,0.0,0,0.0
A338220,ºä³ë,20230621,1052,33550,33650,33500,33500,0,2012,67485000,379848,338383,0,0,0,0,0,0.0,0,0.0,0,0,0,0.0,0,0.0
A338220,ºä³ë,20230621,1051,33600,33700,33450,33550,0,7916,265742000,378488,337731,0,0,0,0,0,0.0,0,0.0,0,0,0,0.0,0,0.0
A338220,ºä³ë,20230621,1050,34000,34000,33600,33650,0,10757,363058000,371710,336593,0,0,0,0,0,0.0,0,0.0,0,0,0,0.0,0,0.0
A338220,ºä³ë,20230621,1049,34050,34050,33900,34000,0,12814,435414000,361783,335763,0,0,0,0,0,0.0,0,0.0,0,0,0,0.0,0,0.0
A338220,ºä³ë,20230621,1048,34050,34100,34000,34050,0,8711,296596000,352224,332508,0,0,0,0,0,0.0,0,0.0,0,0,0,0.0,0,0.0
A338220,ºä³ë,20230621,1047,33850,34100,33850,34100,0,14761,501909000,347611,328410,0,0,0,0,0,0.0,0,0.0,0,0,0,0.0,0,0.0
A338220,ºä³ë,20230621,1046,33950,34000,33850,33850,0,14936,506846000,344750,316510,0,0,0,0,0,0.0,0,0.0,0,0,0,0.0,0,0.0
A338220,ºä³ë,20230621,1045,34000,34050,33850,33950,0,10614,360130000,336458,309866,0,0,0,0,0,0.0,0,0.0,0,0,0,0.0,0,0.0
A338220,ºä³ë,20230621,1044,33850,34050,33850,33950,0,29693,1008428000,330987,304723,0,0,0,0,0,0.0,0,0.0,0,0,0,0.0,0,0.0
A338220,ºä³ë,20230621,1043,33700,33900,33600,33900,0,6205,209656000,323398,282619,0,0,0,0,0,0.0,0,0.0,0,0,0,0.0,0,0.0
A338220,ºä³ë,20230621,1042,33650,33800,33650,33700,0,4575,154303000,322294,277518,0,0,0,0,0,0.0,0,0.0,0,0,0,0.0,0,0.0
A338220,ºä³ë,20230621,1041,33350,33700,33300,33700,0,16743,561579000,320598,274639,0,0,0,0,0,0.0,0,0.0,0,0,0,0.0,0,0.0
A338220,ºä³ë,20230621,1040,33450,33450,33300,33300,0,1296,43226000,319283,259211,0,0,0,0,0,0.0,0,0.0,0,0,0,0.0,0,0.0
A338220,ºä³ë,20230621,1039,33400,33450,33350,33450,0,1353,45203000,318560,258638,0,0,0,0,0,0.0,0,0.0,0,0,0,0.0,0,0.0
A338220,ºä³ë,20230621,1038,33450,33500,33350,33450,0,2337,78178000,317686,258159,0,0,0,0,0,0.0,0,0.0,0,0,0,0.0,0,0.0
A338220,ºä³ë,20230621,1037,33350,33450,33350,33450,0,3444,115026000,317270,256238,0,0,0,0,0,0.0,0,0.0,0,0,0,0.0,0,0.0
A338220,ºä³ë,20230621,1036,33250,33400,33200,33350,0,1462,48734000,316690,253374,0,0,0,0,0,0.0,0,0.0,0,0,0,0.0,0,0.0
A338220,ºä³ë,20230621,1035,33250,33300,33150,33300,0,1908,63364000,316335,252267,0,0,0,0,0,0.0,0,0.0,0,0,0,0.0,0,0.0
A338220,ºä³ë,20230621,1034,33150,33300,33100,33250,0,2683,89055000,315104,251590,0,0,0,0,0,0.0,0,0.0,0,0,0,0.0,0,0.0
A338220,ºä³ë,20230621,1033,33200,33200,33100,33100,0,4033,133604000,314612,249399,0,0,0,0,0,0.0,0,0.0,0,0,0,0.0,0,0.0
A338220,ºä³ë,20230621,1032,33150,33200,33100,33200,0,1120,37129000,311067,248911,0,0,0,0,0,0.0,0,0.0,0,0,0,0.0,0,0.0
A338220,ºä³ë,20230621,1031,33200,33200,33150,33150,0,1458,48355000,310232,248626,0,0,0,0,0,0.0,0,0.0,0,0,0,0.0,0,0.0
A338220,ºä³ë,20230621,1030,33450,33450,33200,33300,0,4746,158115000,308989,248411,0,0,0,0,0,0.0,0,0.0,0,0,0,0.0,0,0.0
A338220,ºä³ë,20230621,1029,33350,33400,33350,33400,0,1974,65908000,305067,247587,0,0,0,0,0,0.0,0,0.0,0,0,0,0.0,0,0.0
A338220,ºä³ë,20230621,1028,33400,33400,33350,33400,0,540,18017000,304581,246099,0,0,0,0,0,0.0,0,0.0,0,0,0,0.0,0,0.0
A338220,ºä³ë,20230621,1027,33450,33450,33350,33400,0,1028,34318000,304193,245947,0,0,0,0,0,0.0,0,0.0,0,0,0,0.0,0,0.0
A338220,ºä³ë,20230621,1026,33400,33450,33400,33400,0,798,26659000,303483,245629,0,0,0,0,0,0.0,0,0.0,0,0,0,0.0,0,0.0
A338220,ºä³ë,20230621,1025,33400,33450,33300,33400,0,1931,64427000,302797,245517,0,0,0,0,0,0.0,0,0.0,0,0,0,0.0,0,0.0
A338220,ºä³ë,20230621,1024,33300,33500,33300,33450,0,2100,70241000,300994,245389,0,0,0,0,0,0.0,0,0.0,0,0,0,0.0,0,0.0
A338220,ºä³ë,20230621,1023,33600,33600,33300,33300,0,3558,119076000,300324,243959,0,0,0,0,0,0.0,0,0.0,0,0,0,0.0,0,0.0
A338220,ºä³ë,20230621,1022,33500,33650,33450,33600,0,1551,52000000,297156,243569,0,0,0,0,0,0.0,0,0.0,0,0,0,0.0,0,0.0
A338220,ºä³ë,20230621,1021,33500,33500,33450,33450,0,797,26691000,296840,242334,0,0,0,0,0,0.0,0,0.0,0,0,0,0.0,0,0.0
A338220,ºä³ë,20230621,1020,33550,33550,33450,33450,0,1392,46640000,296744,241633,0,0,0,0,0,0.0,0,0.0,0,0,0,0.0,0,0.0
A338220,ºä³ë,20230621,1019,33300,33550,33300,33550,0,1949,65119000,295934,241051,0,0,0,0,0,0.0,0,0.0,0,0,0,0.0,0,0.0
A338220,ºä³ë,20230621,1018,33300,33350,33300,33300,0,1526,50828000,295510,239526,0,0,0,0,0,0.0,0,0.0,0,0,0,0.0,0,0.0
A338220,ºä³ë,20230621,1017,33400,33450,33300,33300,0,4596,153275000,294208,239302,0,0,0,0,0,0.0,0,0.0,0,0,0,0.0,0,0.0
A338220,ºä³ë,20230621,1016,33600,33650,33400,33500,0,4384,146967000,290402,238512,0,0,0,0,0,0.0,0,0.0,0,0,0,0.0,0,0.0
A338220,ºä³ë,20230621,1015,33800,33900,33550,33550,0,12789,431804000,287931,236599,0,0,0,0,0,0.0,0,0.0,0,0,0,0.0,0,0.0
A338220,ºä³ë,20230621,1014,33650,33800,33600,33800,0,7906,266620000,281250,230491,0,0,0,0,0,0.0,0,0.0,0,0,0,0.0,0,0.0
A338220,ºä³ë,20230621,1013,33600,33850,33550,33650,0,16070,541428000,278664,225171,0,0,0,0,0,0.0,0,0.0,0,0,0,0.0,0,0.0
A338220,ºä³ë,20230621,1012,33400,33600,33350,33600,0,4109,137757000,276320,211445,0,0,0,0,0,0.0,0,0.0,0,0,0,0.0,0,0.0
A338220,ºä³ë,20230621,1011,33550,33550,33350,33400,0,1287,43041000,275727,207929,0,0,0,0,0,0.0,0,0.0,0,0,0,0.0,0,0.0
A338220,ºä³ë,20230621,1010,33250,33650,33250,33600,0,9846,329676000,274947,207422,0,0,0,0,0,0.0,0,0.0,0,0,0,0.0,0,0.0
A338220,ºä³ë,20230621,1009,33200,33250,33100,33200,0,1928,63933000,274277,198246,0,0,0,0,0,0.0,0,0.0,0,0,0,0.0,0,0.0
A338220,ºä³ë,20230621,1008,33100,33200,33100,33150,0,909,30131000,272805,197790,0,0,0,0,0,0.0,0,0.0,0,0,0,0.0,0,0.0
A338220,ºä³ë,20230621,1007,33250,33250,33150,33150,0,1402,46537000,272250,197436,0,0,0,0,0,0.0,0,0.0,0,0,0,0.0,0,0.0
A338220,ºä³ë,20230621,1006,33250,33250,33150,33200,0,2999,99582000,271225,197059,0,0,0,0,0,0.0,0,0.0,0,0,0,0.0,0,0.0
A338220,ºä³ë,20230621,1005,33250,33250,33200,33250,0,1494,49675000,268886,196399,0,0,0,0,0,0.0,0,0.0,0,0,0,0.0,0,0.0
A338220,ºä³ë,20230621,1004,33250,33300,33200,33250,0,959,31896000,267893,195898,0,0,0,0,0,0.0,0,0.0,0,0,0,0.0,0,0.0
A338220,ºä³ë,20230621,1003,33250,33350,33200,33250,0,1410,46909000,267446,195386,0,0,0,0,0,0.0,0,0.0,0,0,0,0.0,0,0.0
A338220,ºä³ë,20230621,1002,33300,33300,33200,33200,0,1372,45635000,266780,194642,0,0,0,0,0,0.0,0,0.0,0,0,0,0.0,0,0.0
A338220,ºä³ë,20230621,1001,33000,33300,32950,33200,0,2940,97236000,266609,193441,0,0,0,0,0,0.0,0,0.0,0,0,0,0.0,0,0.0
A338220,ºä³ë,20230621,1000,33000,33100,33000,33000,0,5068,167254000,265550,191560,0,0,0,0,0,0.0,0,0.0,0,0,0,0.0,0,0.0
A338220,ºä³ë,20230621,959,33200,33250,33000,33000,0,2579,85347000,261388,190654,0,0,0,0,0,0.0,0,0.0,0,0,0,0.0,0,0.0
A338220,ºä³ë,20230621,958,33200,33300,33100,33200,0,1072,35547000,259116,190347,0,0,0,0,0,0.0,0,0.0,0,0,0,0.0,0,0.0
A338220,ºä³ë,20230621,957,33100,33300,33100,33300,0,1055,34945000,258442,189949,0,0,0,0,0,0.0,0,0.0,0,0,0,0.0,0,0.0
A338220,ºä³ë,20230621,956,33200,33300,33100,33150,0,1523,50455000,257534,189802,0,0,0,0,0,0.0,0,0.0,0,0,0,0.0,0,0.0
A338220,ºä³ë,20230621,955,33300,33400,33200,33200,0,2910,96941000,256101,189712,0,0,0,0,0,0.0,0,0.0,0,0,0,0.0,0,0.0
A338220,ºä³ë,20230621,954,33450,33450,33200,33350,0,2728,90939000,254184,188719,0,0,0,0,0,0.0,0,0.0,0,0,0,0.0,0,0.0
A338220,ºä³ë,20230621,953,33100,33450,33050,33400,0,2118,70596000,252489,187686,0,0,0,0,0,0.0,0,0.0,0,0,0,0.0,0,0.0
A338220,ºä³ë,20230621,952,33100,33100,33050,33100,0,1604,53057000,252054,186003,0,0,0,0,0,0.0,0,0.0,0,0,0,0.0,0,0.0
A338220,ºä³ë,20230621,951,33100,33100,33000,33100,0,1666,55053000,251064,185389,0,0,0,0,0,0.0,0,0.0,0,0,0,0.0,0,0.0
A338220,ºä³ë,20230621,950,33100,33100,33050,33100,0,1051,34771000,249593,185194,0,0,0,0,0,0.0,0,0.0,0,0,0,0.0,0,0.0
A338220,ºä³ë,20230621,949,33300,33300,33050,33100,0,2495,82675000,248898,184838,0,0,0,0,0,0.0,0,0.0,0,0,0,0.0,0,0.0
A338220,ºä³ë,20230621,948,33400,33400,33200,33300,0,3633,120985000,246758,184483,0,0,0,0,0,0.0,0,0.0,0,0,0,0.0,0,0.0
A338220,ºä³ë,20230621,947,33450,33450,33350,33400,0,1387,46313000,243813,183795,0,0,0,0,0,0.0,0,0.0,0,0,0,0.0,0,0.0
A338220,ºä³ë,20230621,946,33200,33450,33150,33400,0,2392,79698000,243022,183199,0,0,0,0,0,0.0,0,0.0,0,0,0,0.0,0,0.0
A338220,ºä³ë,20230621,945,33350,33400,33100,33100,0,3979,132190000,242591,181238,0,0,0,0,0,0.0,0,0.0,0,0,0,0.0,0,0.0
A338220,ºä³ë,20230621,944,33450,33450,33200,33250,0,955,31827000,238813,181037,0,0,0,0,0,0.0,0,0.0,0,0,0,0.0,0,0.0
A338220,ºä³ë,20230621,943,33300,33550,33250,33400,0,2991,100033000,238233,180662,0,0,0,0,0,0.0,0,0.0,0,0,0,0.0,0,0.0
A338220,ºä³ë,20230621,942,33050,33300,33050,33200,0,6892,228639000,236843,179061,0,0,0,0,0,0.0,0,0.0,0,0,0,0.0,0,0.0
A338220,ºä³ë,20230621,941,33100,33100,33000,33050,0,2075,68627000,236348,172664,0,0,0,0,0,0.0,0,0.0,0,0,0,0.0,0,0.0
A338220,ºä³ë,20230621,940,33150,33200,33000,33100,0,5682,187809000,235024,171913,0,0,0,0,0,0.0,0,0.0,0,0,0,0.0,0,0.0
A338220,ºä³ë,20230621,939,33300,33300,33200,33200,0,2627,87318000,229982,171273,0,0,0,0,0,0.0,0,0.0,0,0,0,0.0,0,0.0
A338220,ºä³ë,20230621,938,33050,33300,33000,33250,0,2818,93458000,227822,170806,0,0,0,0,0,0.0,0,0.0,0,0,0,0.0,0,0.0
A338220,ºä³ë,20230621,937,33350,33350,32950,33000,0,7975,263859000,227184,168626,0,0,0,0,0,0.0,0,0.0,0,0,0,0.0,0,0.0
A338220,ºä³ë,20230621,936,33750,33800,33300,33350,0,10020,336770000,221401,166434,0,0,0,0,0,0.0,0,0.0,0,0,0,0.0,0,0.0
A338220,ºä³ë,20230621,935,33800,33850,33600,33750,0,10038,338948000,214443,163372,0,0,0,0,0,0.0,0,0.0,0,0,0,0.0,0,0.0
A338220,ºä³ë,20230621,934,33300,33800,33250,33800,0,10575,354691000,210618,157159,0,0,0,0,0,0.0,0,0.0,0,0,0,0.0,0,0.0
A338220,ºä³ë,20230621,933,33350,33400,33150,33300,0,3771,125568000,209741,147461,0,0,0,0,0,0.0,0,0.0,0,0,0,0.0,0,0.0
A338220,ºä³ë,20230621,932,33300,33350,33200,33350,0,3454,114924000,207484,145947,0,0,0,0,0,0.0,0,0.0,0,0,0,0.0,0,0.0
A338220,ºä³ë,20230621,931,33100,33300,33100,33300,0,6428,213705000,206070,143907,0,0,0,0,0,0.0,0,0.0,0,0,0,0.0,0,0.0
A338220,ºä³ë,20230621,930,32950,33100,32950,33050,0,3465,114475000,204666,138883,0,0,0,0,0,0.0,0,0.0,0,0,0,0.0,0,0.0
A338220,ºä³ë,20230621,929,33050,33150,32900,33000,0,2996,98948000,204192,135892,0,0,0,0,0,0.0,0,0.0,0,0,0,0.0,0,0.0
A338220,ºä³ë,20230621,928,33000,33150,33000,33050,0,7504,247975000,202669,134419,0,0,0,0,0,0.0,0,0.0,0,0,0,0.0,0,0.0
A338220,ºä³ë,20230621,927,32750,33050,32700,33050,0,8570,281921000,197680,131904,0,0,0,0,0,0.0,0,0.0,0,0,0,0.0,0,0.0
A338220,ºä³ë,20230621,926,32750,32800,32700,32750,0,3729,122217000,195980,125034,0,0,0,0,0,0.0,0,0.0,0,0,0,0.0,0,0.0
A338220,ºä³ë,20230621,925,32800,32850,32750,32750,0,1806,59174000,194823,122462,0,0,0,0,0,0.0,0,0.0,0,0,0,0.0,0,0.0
A338220,ºä³ë,20230621,924,32650,32850,32600,32800,0,3903,127858000,193313,122166,0,0,0,0,0,0.0,0,0.0,0,0,0,0.0,0,0.0
A338220,ºä³ë,20230621,923,32700,32850,32650,32700,0,4441,145525000,191535,120041,0,0,0,0,0,0.0,0,0.0,0,0,0,0.0,0,0.0
A338220,ºä³ë,20230621,922,32400,32800,32400,32700,0,7990,260543000,190240,116895,0,0,0,0,0,0.0,0,0.0,0,0,0,0.0,0,0.0
A338220,ºä³ë,20230621,921,32450,32550,32400,32400,0,6613,214604000,189547,109598,0,0,0,0,0,0.0,0,0.0,0,0,0,0.0,0,0.0
A338220,ºä³ë,20230621,920,32450,32500,32400,32450,0,6610,214485000,183972,108560,0,0,0,0,0,0.0,0,0.0,0,0,0,0.0,0,0.0
A338220,ºä³ë,20230621,919,32400,32500,32350,32400,0,2583,83709000,179044,106878,0,0,0,0,0,0.0,0,0.0,0,0,0,0.0,0,0.0
A338220,ºä³ë,20230621,918,32450,32550,32400,32400,0,4919,159522000,176874,106465,0,0,0,0,0,0.0,0,0.0,0,0,0,0.0,0,0.0
A338220,ºä³ë,20230621,917,32500,32650,32400,32550,0,6200,201346000,173219,105201,0,0,0,0,0,0.0,0,0.0,0,0,0,0.0,0,0.0
A338220,ºä³ë,20230621,916,32600,32750,32500,32500,0,6832,222912000,167932,104288,0,0,0,0,0,0.0,0,0.0,0,0,0,0.0,0,0.0
A338220,ºä³ë,20230621,915,32400,32600,32350,32600,0,9702,314407000,162700,102688,0,0,0,0,0,0.0,0,0.0,0,0,0,0.0,0,0.0
A338220,ºä³ë,20230621,914,32400,32450,32350,32400,0,4694,152087000,159648,96038,0,0,0,0,0,0.0,0,0.0,0,0,0,0.0,0,0.0
A338220,ºä³ë,20230621,913,32450,32450,32350,32400,0,7179,232547000,155722,95270,0,0,0,0,0,0.0,0,0.0,0,0,0,0.0,0,0.0
A338220,ºä³ë,20230621,912,32300,32500,32300,32450,0,6756,218954000,150566,93247,0,0,0,0,0,0.0,0,0.0,0,0,0,0.0,0,0.0
A338220,ºä³ë,20230621,911,32350,32400,32200,32300,0,12815,413786000,146748,90309,0,0,0,0,0,0.0,0,0.0,0,0,0,0.0,0,0.0
A338220,ºä³ë,20230621,910,32750,32750,32350,32400,0,7379,239901000,137541,86701,0,0,0,0,0,0.0,0,0.0,0,0,0,0.0,0,0.0
A338220,ºä³ë,20230621,909,32450,32900,32350,32800,0,20287,662764000,131054,85809,0,0,0,0,0,0.0,0,0.0,0,0,0,0.0,0,0.0
A338220,ºä³ë,20230621,908,32200,32500,32150,32450,0,19983,645608000,119876,76700,0,0,0,0,0,0.0,0,0.0,0,0,0,0.0,0,0.0
A338220,ºä³ë,20230621,907,32750,32800,32150,32150,0,30711,996385000,111858,64735,0,0,0,0,0,0.0,0,0.0,0,0,0,0.0,0,0.0
A338220,ºä³ë,20230621,906,32750,33150,32700,32750,0,13135,432586000,85249,60633,0,0,0,0,0,0.0,0,0.0,0,0,0,0.0,0,0.0
A338220,ºä³ë,20230621,905,32800,32850,32550,32750,0,16607,542149000,77550,55197,0,0,0,0,0,0.0,0,0.0,0,0,0,0.0,0,0.0
A338220,ºä³ë,20230621,904,32600,33000,32500,32750,0,15701,513565000,67783,48357,0,0,0,0,0,0.0,0,0.0,0,0,0,0.0,0,0.0
A338220,ºä³ë,20230621,903,33250,33300,32500,32600,0,38927,1285090000,58957,41482,0,0,0,0,0,0.0,0,0.0,0,0,0,0.0,0,0.0
A338220,ºä³ë,20230621,902,33200,33600,33150,33200,0,17683,589328000,25202,36310,0,0,0,0,0,0.0,0,0.0,0,0,0,0.0,0,0.0
A338220,ºä³ë,20230621,901,33600,33650,33150,33250,0,45905,1538676000,14180,29649,0,0,0,0,0,0.0,0,0.0,0,0,0,0.0,0,0.0
